,Rank,Artist,Country of Birth,Auction Turnover (USD),Lots Sold,Top Auction Result (USD)
0,2,Jeff KOONS,US,938580226.0,1902,91075000.0
1,3,Damien HIRST,GB,695561587.0,4244,19213271.0
2,4,Christopher WOOL,US,623835363.0,565,29930000.0
3,5,ZENG Fanzhi,CN,518502109.0,639,23276760.0
4,6,Richard PRINCE,PA,506072375.0,1110,9685000.0
5,7,Peter DOIG,UK,490529397.0,695,28810000.0
6,8,ZHANG Xiaogang,CN,357471050.0,744,12142379.0
7,9,Yoshitomo NARA,JP,327724900.0,2727,24949674.0
8,12,ZHOU Chunya,CN,295848941.0,1067,6743740.0
9,13,Rudolf STINGEL,IT,258655405.0,295,10551500.0
10,15,Takashi MURAKAMI,JP,223886526.0,5512,15161000.0
11,16,Anselm KIEFER,DE,192988211.0,501,3997805.0
12,17,George CONDO,US,190719780.0,996,6162500.0
13,18,LIU Ye,CN,174088326.0,452,6652788.0
14,19,KAWS,US,165762183.0,2104,14772677.0
15,20,Mark GROTJAHN,US,165393909.0,199,16767500.0
16,21,Anish KAPOOR,IN,160687722.0,593,3877856.0
17,22,YUE Minjun,CN,159025982.0,546,6934018.0
18,23,Mark BRADFORD,US,150266461.0,104,11979851.0
19,24,Andreas GURSKY,DE,145196682.0,612,4338500.0
20,25,Cindy SHERMAN,US,143201438.0,1284,6773000.0
21,26,LIU Wei,CN,142889765.0,463,5010360.0
22,27,Albert OEHLEN,DE,132382077.0,352,7552473.0
23,28,LUO Zhongli,CN,120860694.0,566,7249370.0
24,29,LIU Xiaodong,CN,118962884.0,194,8526560.0
25,30,FANG Lijun,CN,114897985.0,379,7661024.0
26,31,Cecily BROWN,GB,112807340.0,229,6776200.0
27,32,WANG Yidong,CN,109543451.0,295,3380310.0
28,33,Maurizio CATTELAN,IT,108031250.0,615,17189000.0
29,34,Sean SCULLY,IE,104308488.0,811,1760000.0
30,35,Mark TANSEY,US,102691761.0,79,7453600.0
31,36,Miquel BARCELO,ES,101043596.0,553,6322155.0
32,37,HE Jiaying,CN,100566081.0,536,2267340.0
33,38,BANKSY,GB,100430932.0,2815,12230208.0
34,39,Marlene DUMAS,ZA,100083485.0,708,6333848.0
35,40,Antony GORMLEY,GB,93710966.0,528,6911977.0
36,41,WANG Guangyi,CN,92695076.0,623,4136541.0
37,42,AI Xuan,CN,88327313.0,395,3762296.0
38,43,Kerry James MARSHALL,US,88119218.0,69,21114500.0
39,44,Adrian GHENIE,RO,87944652.0,136,9054022.0
40,45,John CURRIN,US,86163863.0,174,12007500.0
41,46,Thomas SCHÜTTE,DE,82782966.0,302,5317000.0
42,47,YANG Feiyun,CN,79471568.0,217,5440650.0
43,48,Wade GUYTON,US,76657692.0,171,5989000.0
44,49,WANG Mingming,CN,72811079.0,1159,1395847.0
45,50,CAI Guoqiang,CN,69682287.0,335,9548229.0
46,51,Hiroshi SUGIMOTO,JP,68162478.0,1804,1888000.0
47,55,Jenny SAVILLE,GB,60565016.0,69,12490583.0
48,56,LIU Dawei,CN,60190374.0,633,2723028.0
49,57,AI Weiwei,CN,58722792.0,345,5424347.0
50,58,Robert GOBER,US,58406216.0,233,7287500.0
51,59,Julie MEHRETU,ET,57797918.0,150,5631696.0
52,60,Glenn BROWN,GB,57067744.0,80,8086410.0
53,61,YAN Pei-Ming,CN,57029680.0,281,2048976.0
54,62,SHI Guoliang,CN,55933562.0,761,1826867.0
55,63,Jonas WOOD,US,54748359.0,255,4928500.0
56,64,LENG Jun,CN,53509257.0,205,10009423.0
57,65,Neo RAUCH,DE,53171486.0,477,1746631.0
58,66,Glenn LIGON,US,51718986.0,242,3973000.0
59,67,HUANG Jiannan,CN,51193375.0,122,6561762.0
60,68,Urs FISCHER,CH,49553306.0,95,6802500.0
61,69,Thomas STRUTH,DE,49401311.0,775,1810000.0
62,70,FANG Chuxiong,CN,46685367.0,1483,529368.0
63,72,Robert LONGO,US,45961451.0,1116,1575000.0
64,73,Vik MUNIZ,BR,43080450.0,1085,293000.0
65,74,Julian SCHNABEL,US,42627306.0,505,1452500.0
66,75,Elizabeth PEYTON,US,42333156.0,357,1745000.0
67,76,Robert COMBAS,FR,41708716.0,2798,353446.0
68,77,XUE Liang,CN,40266656.0,528,2143595.0
69,78,I Nyoman MASRIADI,ID,39799622.0,227,1006434.0
70,81,CHEN Danqing,CN,38211378.0,183,3553500.0
71,82,Tony CRAGG,GB,38205535.0,424,1051086.0
72,83,William KENTRIDGE,ZA,37768592.0,1269,1538500.0
73,84,Marc QUINN,GB,37710281.0,481,1325000.0
74,85,REN Zhong,CN,37607375.0,368,2760406.0
75,86,Chris OFILI,GB,37464245.0,341,4541955.0
76,87,LI Chen,TW,36459953.0,233,1426735.0
77,88,Thomas RUFF,DE,35971976.0,1450,240379.0
78,89,Subodh GUPTA,IN,34675415.0,146,1198592.0
79,90,Sterling RUBY,DE,34591730.0,223,1785000.0
80,91,Luc TUYMANS,BE,34573115.0,375,2699750.0
81,92,XU Bing,CN,34343266.0,272,1884850.0
82,93,YIN Zhaoyang,CN,34110319.0,275,1655181.0
83,94,Ronald VENTURA,PH,33875720.0,227,1082812.0
84,95,HE Duoling,CN,33408333.0,193,1707960.0
85,96,Ugo RONDINONE,CH,33284074.0,333,1131000.0
86,97,Rosemarie TROCKEL,DE,33143278.0,469,4981000.0
87,98,Beatriz MILHAZES,BR,32924650.0,116,2098500.0
88,99,Joe BRADLEY,US,32829770.0,97,3077000.0
89,100,XU Lele,CN,32654192.0,823,1420848.0
90,101,TIAN Liming,CN,30716788.0,567,1008504.0
91,102,FAN Yang,CN,30711826.0,1004,477613.0
92,103,DING Yi,CN,30305537.0,189,2245355.0
93,104,MAO Yan,CN,30225074.0,173,1696365.0
94,105,GUO Runwen,CN,29656180.0,152,2196960.0
95,106,Hurvin ANDERSON,GB,29607474.0,62,3456804.0
96,108,SHI Chong,CN,28904536.0,102,5954355.0
97,109,WANG Xijing,CN,28862838.0,752,1837493.0
98,110,XU Lei,CN,28297687.0,126,2997360.0
99,111,Wolfgang TILLMANS,DE,28237384.0,719,783717.0
100,112,Cady NOLAND,US,28022072.0,38,9797000.0
101,113,ZHAN Wang,CN,27148591.0,148,3194040.0
102,114,Anselm REYLE,DE,27026819.0,312,634839.0
103,115,CHEN Yanning,CN,27021617.0,210,1014944.0
104,116,YANG Shaobin,CN,26743985.0,227,1291136.0
105,117,Tracey EMIN,GB,26561388.0,767,4342546.0
106,118,David SALLE,US,25984146.0,425,794461.0
107,119,Eric FISCHL,US,25812572.0,358,1920000.0
108,120,Tauba AUERBACH,US,25567468.0,118,2285000.0
109,121,Paul MCCARTHY,US,25349807.0,234,4562500.0
110,122,Tomás SANCHEZ,CU,25041612.0,207,653000.0
111,123,QIU Hanqiao,CN,24912830.0,48,5751438.0
112,124,Farhad MOSHIRI,IR,24138075.0,128,1089000.0
113,125,Peter HALLEY,US,24105464.0,384,712192.0
114,126,Mimmo PALADINO,IT,23948690.0,1240,291202.0
115,128,Raymond PETTIBON,US,22858501.0,710,1575000.0
116,129,MAO Xuhui,CN,22726350.0,217,1831125.0
117,130,Jack VETTRIANO,UK,22588585.0,478,1339597.0
118,131,Barbara KRUGER,US,22129284.0,261,902500.0
119,132,YE Yongqing,CN,22116684.0,330,1036518.0
120,133,ZHANG Huan,CN,21700663.0,348,639344.0
121,134,JIA Aili,CN,21558791.0,41,2309142.0
122,135,Sherrie LEVINE,US,21446364.0,190,962500.0
123,136,FENG Zhengjie,CN,21213520.0,287,387341.0
124,137,ZHANG Enli,CN,20967942.0,100,987390.0
125,138,Dan COLEN,US,20730749.0,124,3077000.0
126,139,Sandro CHIA,IT,20537983.0,1358,514242.0
127,140,Julian OPIE,GB,20445279.0,965,218750.0
128,141,Charles RAY,US,20423935.0,57,3106500.0
129,143,SHAO Ge,CN,20294292.0,32,6868017.0
130,144,Adriana VAREJAO,BR,19573937.0,51,1777684.0
131,145,XU Qinsong,CN,19436316.0,228,1792344.0
132,146,Jim HODGES,US,19085018.0,98,2098500.0
133,147,TANG Zhigang,CN,19032231.0,101,618245.0
134,148,Olafur ELIASSON,DK,19019735.0,448,1524470.0
135,149,LIU Wei,CN,18887728.0,77,974501.0
136,150,Daniel RICHTER,DE,18821583.0,413,824000.0
137,151,FENG Yuan,CN,18756594.0,300,809232.0
138,152,Dana SCHUTZ,US,18669218.0,85,2420000.0
139,153,HONG Ling,CN,18644234.0,318,498044.0
140,154,WANG Xingwei,CN,18637868.0,58,3164929.0
141,155,Chi Gyun OH,KR,18622278.0,238,718740.0
142,156,JI Zhongliang,CN,18429337.0,80,2493150.0
143,157,Jeff WALL,CA,18357004.0,92,3666500.0
144,158,Njideka Akunyili CROSBY,NG,17962642.0,15,3375000.0
145,159,LI Jin,CN,17899669.0,446,980274.0
146,160,LI Guijun,CN,17873870.0,117,1156164.0
147,162,Matthew BARNEY,US,17631674.0,308,1205000.0
148,163,ZHAO Bandi,CN,17508635.0,28,4366320.0
149,164,JIANG Hongwei,CN,17471063.0,474,467147.0
150,165,Francesco CLEMENTE,IT,17367581.0,543,717009.0
151,166,WANG Yancheng,CN,16888764.0,96,3174587.0
152,167,LIU Guang,CN,16853143.0,137,1425883.0
153,168,Christine AY TJOE,ID,16827893.0,193,1503676.0
154,169,Michaël BORREMANS,BE,16763355.0,82,3139280.0
155,170,Oscar MURILLO,CO,16646952.0,110,401000.0
156,171,LIU Yi,CN,16486454.0,78,3116269.0
157,172,Martin GRELLE,US,16482078.0,255,575000.0
158,173,Gabriel OROZCO,MX,16447485.0,285,795000.0
159,174,Richard ORLINSKI,FR,16420716.0,262,1291468.0
160,175,LIU Dan,CN,16272693.0,70,1284041.0
161,176,Francis ALYS,BE,15623322.0,232,632000.0
162,177,Jenny HOLZER,US,15560340.0,372,881000.0
163,178,Enki BILAL,YU,15418883.0,619,398790.0
164,179,GU Wenda,CN,15331944.0,189,2439840.0
165,180,PANG Maokun,CN,15307111.0,218,547607.0
166,181,LI Jinkun,CN,15265794.0,255,851805.0
167,182,Kelley WALKER,US,15218198.0,94,795386.0
168,183,JIANG Guohua,CN,15147495.0,75,1406708.0
169,184,Raqib SHAW,IN,15135878.0,67,5520465.0
170,185,Stephan BALKENHOL,DE,15126724.0,680,195650.0
171,186,FENG Dazhong,CN,15040480.0,225,788670.0
172,187,CHEN Yongqiang,CN,15038039.0,796,745660.0
173,188,Nate LOWMAN,US,14924436.0,104,870922.0
174,189,Timothy Austin STORRIER,AU,14859099.0,664,358778.0
175,190,Fred TOMASELLI,US,14779164.0,121,1650500.0
176,192,Lisa YUSKAVAGE,US,14748385.0,131,1384000.0
177,193,CHENG Conglin,CN,14612939.0,65,4660375.0
178,194,Matthias WEISCHER,DE,14458948.0,190,581756.0
179,195,Wim DELVOYE,BE,14416135.0,344,359235.0
180,196,LIU Chunxi,CN,14402850.0,8,3642100.0
181,197,HUANG Gang,CN,14304278.0,249,361000.0
182,198,CHAO Ge,CN,14193080.0,91,1517414.0
183,199,FANG Xiang,CN,14098397.0,534,447396.0
184,200,LI Xuegong,CN,14002923.0,26,3781844.0
185,201,Shirin NESHAT,IR,13850633.0,548,269000.0
186,203,LONG Liyou,CN,13623271.0,72,1453600.0
187,204,LIN Yongsong,CN,13537013.0,20,1483592.0
188,205,YANG Yan,CN,13520480.0,281,11274600.0
189,206,Jamie WYETH,US,13291433.0,163,1690000.0
190,207,LI Huayi,CN,13249348.0,50,756664.0
191,208,LU Yushun,CN,13044635.0,294,1017198.0
192,209,Pablo ATCHUGARRY,UY,12760815.0,198,447000.0
193,211,XIANG Jing,CN,12648857.0,169,919475.0
194,213,Tomoo GOKITA,JP,12606752.0,150,1076000.0
195,214,Guillermo David KUITCA,AR,12198939.0,150,511500.0
196,215,LONG Rui,CN,12124565.0,341,1100527.0
197,217,Thomas DEMAND,DE,11872420.0,223,413000.0
198,218,WANG Guangle,CN,11863579.0,68,700672.0
199,219,YAN Ping,CN,11832251.0,147,495667.0
200,220,Hiroshi SENJU,JP,11776914.0,707,334884.0
201,221,Enzo CUCCHI,IT,11767267.0,398,1047676.0
202,222,Gary HUME,GB,11676430.0,269,677366.0
203,223,Walton FORD,US,11630046.0,67,1445000.0
204,224,Giuseppe PENONE,IT,11629457.0,153,1325000.0
205,225,Rachel WHITEREAD,GB,11537985.0,190,921203.0
206,226,Rashid JOHNSON,US,11397635.0,118,1160000.0
207,227,Rainer FETTING,DE,11361987.0,629,193997.0
208,228,NAN Haiyan,CN,11295170.0,318,282699.0
209,229,SUI Jianguo,CN,11273816.0,182,1958484.0
210,230,Carroll DUNHAM,US,11204659.0,262,591000.0
211,231,SU Xinping,CN,11164144.0,122,3364900.0
212,233,YUAN Wu,CN,11037220.0,268,1164329.0
213,235,Jaume PLENSA,ES,10961276.0,293,1130000.0
214,236,Roni HORN,US,10951029.0,248,389000.0
215,237,Grayson PERRY,GB,10881382.0,249,825783.0
216,238,JI Dachun,CN,10739446.0,300,222700.0
217,239,Danh VO,VN,10730628.0,54,920921.0
218,240,Donald BAECHLER,US,10682363.0,689,190690.0
219,241,Ross BLECKNER,US,10675068.0,434,192000.0
220,242,TANG Yongli,CN,10603628.0,247,658916.0
221,243,DING Fang,CN,10527771.0,100,1804350.0
222,244,HAO Liang,CN,10335851.0,33,1933113.0
223,245,Sarah LUCAS,GB,10274641.0,188,905000.0
224,246,Lynette YIADOM-BOAKYE,GB,10252540.0,48,1575000.0
225,247,Louise LAWLER,US,10245423.0,316,542500.0
226,248,Jack PIERSON,US,10169332.0,258,655571.0
227,249,PAN Dehai,CN,10142432.0,112,1492240.0
228,250,WANG Yong,CN,10098870.0,307,431664.0
229,251,Neil JENNEY,US,10050190.0,61,965000.0
230,252,Joseph KOSUTH,US,10009583.0,255,337000.0
231,253,Kemal ÖNSOY,TR,9999365.0,361,171457.0
232,254,ZHOU Jingxin,CN,9964871.0,419,596896.0
233,255,XU Mangyao,CN,9928720.0,55,2634938.0
234,256,Nicola DE MARIA,IT,9896106.0,384,303567.0
235,258,Jonathan MEESE,JP,9824521.0,553,269863.0
236,259,Andres SERRANO,US,9765023.0,448,314500.0
237,260,Piotr UKLANSKI,PL,9703872.0,113,1056139.0
238,261,XU Jiang,CN,9667832.0,65,1449790.0
239,262,Philippe PASQUA,FR,9614511.0,618,704160.0
240,263,JIANG Guofang,CN,9603529.0,60,1674630.0
241,264,ZHANG Peili,CN,9531430.0,24,2965516.0
242,265,XIA Xiaowan,CN,9488216.0,108,673344.0
243,266,HUO Chunyang,CN,9425862.0,586,113080.0
244,267,ZENG Chuanxing,CN,9303572.0,80,642067.0
245,268,Eddie MARTINEZ,US,9298423.0,60,2009749.0
246,269,Isa GENZKEN,DE,9243737.0,164,1039263.0
247,270,INVADER,FR,9214321.0,489,1220000.0
248,271,XUE Song,CN,9185475.0,325,302803.0
249,272,Nan GOLDIN,US,9050815.0,1255,218500.0
250,273,Bharti KHER,GB,9012203.0,52,1785000.0
251,274,PAN Gongkai,CN,8985932.0,69,2462196.0
252,275,Aya TAKANO,JP,8983907.0,288,433654.0
253,276,LING Jian,CN,8914169.0,90,325749.0
254,277,CAO Li,CN,8894042.0,178,466038.0
255,278,Alex ISRAEL,US,8871090.0,29,1025000.0
256,279,LI Songsong,CN,8869599.0,34,740600.0
257,280,Dirk SKREBER,DE,8860988.0,129,497600.0
258,281,QI Zhilong,CN,8851792.0,129,494018.0
259,282,YE Ziqi,TW,8836379.0,125,489528.0
260,283,Ayako ROKKAKU,JP,8819909.0,454,188686.0
261,284,Karin Mamma ANDERSSON,SE,8805326.0,94,931982.0
262,285,Dylan LEWIS,ZA,8728253.0,292,301000.0
263,286,David LACHAPELLE,US,8707173.0,414,139571.0
264,287,Tom FRIEDMAN,US,8648008.0,136,856000.0
265,288,GUO Wei,CN,8646442.0,213,306645.0
266,289,Laura OWENS,US,8635104.0,66,1755000.0
267,290,Dong-Yoo KIM,KR,8631370.0,79,686456.0
268,292,Harold ANCART,BE,8591327.0,69,751500.0
269,293,LI Xiaoxuan,CN,8538445.0,340,329616.0
270,294,JOSIGNACIO,CU,8481521.0,18,2940000.0
271,295,SU Xiaobai,CN,8409779.0,77,592939.0
272,296,Kenny SCHARF,US,8396845.0,388,200000.0
273,297,Agus SUWAGE,ID,8388500.0,182,299389.0
274,298,YUAN Qingyi,CN,8304499.0,9,3480870.0
275,299,Thomas HOUSEAGO,GB,8273154.0,91,462445.0
276,301,LU Fusheng,CN,8027178.0,107,1087877.0
277,303,Franz ACKERMANN,DE,8013984.0,115,585130.0
278,305,Bill HAMMOND,NZ,7946362.0,359,277176.0
279,306,Wilhelm SASNAL,PL,7926695.0,184,457445.0
280,307,YANG Ermin,CN,7859364.0,42,2065745.0
281,308,Katharina GROSSE,DE,7826480.0,155,497456.0
282,309,Jacob KASSAY,US,7808808.0,73,317000.0
283,310,Kohei NAWA,JP,7750452.0,162,551918.0
284,311,CHEN Ke,CN,7704010.0,129,347208.0
285,312,ZHU Wei,CN,7703773.0,103,964275.0
286,313,XIE Nanxing,CN,7696310.0,37,1070291.0
287,314,YU Hong,CN,7684296.0,78,650716.0
288,315,YANG Shihong,CN,7666200.0,203,151273.0
289,316,Elger ESSER,DE,7655692.0,263,169000.0
290,317,Bill VIOLA,US,7644122.0,56,702109.0
291,318,ZHAO Jiancheng,CN,7632749.0,88,354407.0
292,319,Semyon FAIBISOVICH,RU,7628318.0,47,632265.0
293,320,LIU Kongxi,CN,7626128.0,38,894792.0
294,321,Kehinde WILEY,US,7576845.0,133,300000.0
295,323,Kara WALKER,US,7544365.0,203,501703.0
296,324,Jason MARTIN,GB,7526498.0,174,139359.0
297,325,Shepard FAIREY,US,7510184.0,2989,257080.0
298,326,XU Hualing,CN,7478098.0,144,283935.0
299,327,Atul DODIYA,IN,7445678.0,85,601000.0
300,328,Deborah BUTTERFIELD,US,7435073.0,67,468500.0
301,329,MI Qiaoming,CN,7406398.0,27,1773471.0
302,330,Adam MCEWEN,GB,7371407.0,105,437000.0
303,331,QIU Xiaofei,CN,7361586.0,78,546960.0
304,332,GUO Jin,CN,7341910.0,187,193000.0
305,333,Amy SILLMAN,US,7292668.0,79,855000.0
306,334,Michael KVIUM,DK,7150035.0,335,246840.0
307,335,WANG Keping,CN,7139128.0,196,184010.0
308,337,Henry TAYLOR,US,7065146.0,63,975000.0
309,338,Ahmed ALSOUDANI,IQ,7035133.0,38,1122085.0
310,339,CHEN Ping,CN,7009726.0,233,331793.0
311,340,JONONE,US,6906544.0,473,214227.0
312,341,CHAO Hai,CN,6897056.0,42,712747.0
313,342,JIN Shunkui,CN,6888333.0,3,6888000.0
314,343,GUO Shifu,CN,6858459.0,215,1111964.0
315,344,XING Dong,CN,6858160.0,9,2675728.0
316,345,CUI Xiaodong,CN,6854539.0,128,1029710.0
317,346,Yoichi OHIRA,JP,6845777.0,284,272476.0
318,347,John KELLY,GB,6842716.0,264,233062.0
319,348,HE Sen,CN,6819187.0,168,216674.0
320,349,YANG Xiaoyang,CN,6715683.0,76,1728335.0
321,350,Rudi MANTOFANI,ID,6714296.0,111,469560.0
322,351,Do Ho SUH,KR,6674404.0,57,817217.0
323,352,YU Xiaofu,CN,6647772.0,93,1332528.0
324,353,SUN Liang,CN,6621518.0,99,484609.0
325,354,Wangechi MUTU,KE,6576865.0,97,401270.0
326,355,Ali BANISADR,IR,6574296.0,27,557000.0
327,356,Kiki SMITH,DE,6508687.0,442,296000.0
328,358,André BUTZER,DE,6482892.0,135,175000.0
329,359,ZHANG Li,CN,6477536.0,64,688712.0
330,360,Jan FABRE,BE,6414972.0,225,446862.0
331,361,WEI Jia,CN,6414191.0,112,311836.0
332,362,Gregory CREWDSON,US,6384260.0,346,169000.0
333,363,Cildo MEIRELES,BR,6365329.0,133,641000.0
334,364,Philip TAAFFE,US,6270048.0,146,434500.0
335,365,Rashid RANA,PK,6269400.0,58,648549.0
336,366,Iwamoto MASAKAZU,JP,6265920.0,139,645038.0
337,368,Peter HOWSON,GB,6209174.0,1657,592556.0
338,369,TAL R,IL,6193477.0,200,276000.0
339,370,SHU Qun,CN,6153032.0,24,572341.0
340,371,Karen KILIMNIK,US,6149601.0,136,530562.0
341,372,Jitish KALLAT,IN,6147858.0,89,386500.0
342,373,LU Shaohua,CN,6135850.0,5,3684388.0
343,374,Thomas SCHEIBITZ,DE,6100597.0,135,307200.0
344,375,ZHENG Baichong,CN,6024908.0,305,235911.0
345,376,Philip-Lorca DICORCIA,US,6024650.0,297,468500.0
346,377,Sally MANN,US,5994528.0,443,266500.0
347,378,WANG Yuqi,CN,5991130.0,10,2840420.0
348,379,John ARMLEDER,CH,5986233.0,238,221000.0
349,380,Matthew Day JACKSON,US,5958539.0,57,941618.0
350,381,ZHANG Youxian,CN,5957457.0,422,1659094.0
351,382,Lucien SMITH,US,5880370.0,98,389000.0
352,383,Hyung-Koo KANG,KR,5872317.0,46,587381.0
353,384,Richard LONG,GB,5870221.0,241,200000.0
354,385,Ellen GALLAGHER,US,5868318.0,60,987750.0
355,387,Seth PRICE,IL,5828558.0,53,785000.0
356,388,LI Jikai,CN,5814128.0,193,177675.0
357,389,Rob PRUITT,US,5773009.0,72,315000.0
358,390,Erwin WURM,AT,5759622.0,291,185000.0
359,391,Saputra HANDIWIRMAN,ID,5745368.0,79,318579.0
360,392,David OSTROWSKI,DE,5739642.0,113,292032.0
361,393,TU Hongtao,CN,5715086.0,123,358122.0
362,394,Barnaby FURNAS,US,5680541.0,80,520000.0
363,395,Vanessa BEECROFT,IT,5656831.0,449,120000.0
364,396,XIONG Honggang,CN,5654131.0,60,1066264.0
365,397,CAO Jun,CN,5635490.0,37,1308832.0
366,398,WANG Yin,CN,5633035.0,54,314640.0
367,399,Reza DERAKSHANI,IR,5617683.0,84,274065.0
368,401,WANG Qingsong,CN,5528420.0,135,713000.0
369,402,Josh SMITH,US,5498087.0,195,262500.0
370,403,QIU Zhijie,CN,5490707.0,172,855895.0
371,404,Nicolas PARTY,CH,5478494.0,46,1120219.0
372,406,Mona HATOUM,LB,5423480.0,118,470500.0
373,407,CHEN Yupu,CN,5408716.0,258,227148.0
374,408,Rebecca QUAYTMAN,US,5377741.0,41,911542.0
375,409,Ghada AMER,EG,5348225.0,114,225332.0
376,410,ZHONG Biao,CN,5340021.0,117,141905.0
377,411,LOU ZhengGang,CN,5319827.0,17,915975.0
378,412,Karin KNEFFEL,DE,5303516.0,140,353641.0
379,413,YU Hui,CN,5283155.0,273,206575.0
380,414,HE Baili,CN,5275958.0,164,172592.0
381,415,Ravinder REDDY,IN,5274140.0,41,488268.0
382,416,Tim MAGUIRE,GB,5261724.0,246,367836.0
383,417,HUANG Mingzhe,TW,5254206.0,122,288089.0
384,418,Gottfried HELNWEIN,AT,5234076.0,354,170306.0
385,419,JIA Guangjian,CN,5220517.0,248,256473.0
386,420,ZENG Jianyong,CN,5218188.0,155,187795.0
387,421,Hiroyuki MATSUURA,JP,5197443.0,131,339410.0
388,422,OSGEMEOS,BR,5191606.0,82,310000.0
389,423,Natee UTARIT,TH,5178525.0,106,351466.0
390,425,Luca PIGNATELLI,IT,5162396.0,391,136534.0
391,426,Nick BRANDT,GB,5152966.0,225,118311.0
392,427,DUAN Jianwei,CN,5139150.0,95,685653.0
393,428,Tom SACHS,US,5135215.0,162,236500.0
394,429,CHEN Yiming,CN,5128722.0,83,286917.0
395,430,Laurence JENKELL,FR,5112773.0,146,346181.0
396,431,Sarah MORRIS,GB,5080203.0,127,162000.0
397,432,Chéri SAMBA,CG,5071896.0,196,140280.0
398,433,Jeff ELROD,US,5071855.0,50,344290.0
399,435,Bjarne MELGAARD,NO,4994789.0,259,473939.0
400,436,Cecilia EDEFALK,SE,4989677.0,78,1033013.0
401,437,DUAN Jianyu,CN,4979001.0,42,509551.0
402,438,Rineke DIJKSTRA,NL,4976880.0,213,405500.0
403,439,Norbert BISKY,DE,4955850.0,186,145091.0
404,440,Bernard FRIZE,FR,4944149.0,139,191709.0
405,441,HUANG Yuxing,CN,4917631.0,83,293151.0
406,443,HUANG Yong,CN,4883038.0,26,1507556.0
407,444,Martin EDER,DE,4880731.0,194,520000.0
408,445,Keith TYSON,GB,4875465.0,91,440000.0
409,446,Marcello LO GIUDICE,IT,4875378.0,146,168494.0
410,447,XIA Junna,CN,4837337.0,101,299920.0
411,448,SHI Liang,CN,4819643.0,54,651245.0
412,449,XIA Xing,CN,4815902.0,37,661268.0
413,450,Hernan BAS,US,4802179.0,116,270793.0
414,451,Makoto SAITO,JP,4779880.0,25,425000.0
415,452,ZHOU Tiehai,CN,4741170.0,80,623875.0
416,453,Rebecca WARREN,GB,4732335.0,42,729503.0
417,454,Rick AMOR,AU,4716972.0,294,206205.0
418,455,Yinka SHONIBARE,GB,4704984.0,65,328678.0
419,456,Donald SULTAN,US,4700429.0,898,114000.0
420,457,Kai ALTHOFF,DE,4686360.0,48,893190.0
421,458,SITU Mian,CN,4679100.0,113,402500.0
422,459,YUAN Yuan,CN,4666369.0,51,286784.0
423,460,XU Hongfei,CN,4662358.0,83,599840.0
424,461,Ron MUECK,AU,4641982.0,13,1317099.0
425,463,Putu SUTAWIJAYA,ID,4633854.0,225,199694.0
426,464,Florian MAIER-AICHEN,DE,4622435.0,79,265000.0
427,466,Francesco VEZZOLI,IT,4618996.0,67,347774.0
428,467,CHANG Qing,CN,4618674.0,47,505680.0
429,468,William ACHEFF,US,4595396.0,203,157300.0
430,469,Ernst BILLGREN,SE,4587483.0,357,161700.0
431,470,Adam FUSS,GB,4581341.0,298,106250.0
432,471,Marilyn MINTER,US,4568864.0,193,269000.0
433,472,CHEN Shuzhong,CN,4541574.0,92,639268.0
434,473,René DANIELS,NL,4539906.0,95,622920.0
435,474,Roberto FABELO,CU,4537210.0,107,312500.0
436,475,Herbert BRANDL,AT,4499608.0,284,167058.0
437,476,GUAN Yong,CN,4489276.0,33,310727.0
438,477,PENG Si,CN,4477952.0,76,214377.0
439,478,SHI Dawei,CN,4428585.0,365,236925.0
440,479,LI Xiaogang,CN,4426563.0,68,326439.0
441,481,DUAN Zhengqu,CN,4424894.0,109,346541.0
442,482,Mustafa ATA,TR,4408185.0,253,95225.0
443,483,Mark KOSTABI,US,4403061.0,1276,52275.0
444,484,CAI Zhisong,CN,4392232.0,74,1088130.0
445,485,John Steven DEWS,GB,4371023.0,121,274676.0
446,486,YANG Qian,CN,4361522.0,130,349807.0
447,487,Koorosh SHISHEGARAN,IR,4359718.0,50,333866.0
448,488,Kyoung Tack HONG,KR,4359267.0,44,853944.0
449,489,PENG Wei,CN,4350141.0,67,412896.0
450,490,Rodney GRAHAM,CA,4332814.0,141,206500.0
451,491,Doris SALCEDO,CO,4331445.0,35,665000.0
452,492,OUYANG Chun,CN,4321392.0,106,262752.0
453,493,SONG Yulin,CN,4292040.0,405,167877.0
454,494,Tatsuo MIYAJIMA,JP,4280690.0,99,373809.0
455,495,Harland MILLER,GB,4259019.0,124,315071.0
456,496,Cory ARCANGEL,US,4252267.0,39,399761.0
457,498,CHEN Wenji,CN,4235918.0,40,383143.0
458,499,Young-Hoon KO,KR,4229788.0,74,316246.0
459,500,Berlinde DE BRUYCKERE,BE,4222550.0,54,513537.0
460,501,WANG Jinsong,CN,4221003.0,117,497553.0
461,502,Walead BESHTY,GB,4206642.0,121,106250.0
462,503,LIU Jiutong,CN,4204493.0,62,175440.0
463,504,Canan TOLON,TR,4202418.0,70,342165.0
464,505,Michael RAEDECKER,NL,4185803.0,56,271943.0
465,506,Christian MARCLAY,US,4169462.0,106,550000.0
466,507,Douglas GORDON,UK,4167205.0,178,122500.0
467,508,XIAO Huirong,CN,4146603.0,58,528900.0
468,509,Ayman BAALBAKI,LB,4143344.0,41,485000.0
469,510,Safwan DAHOUL,SY,4142247.0,73,257000.0
470,511,LIANG Quan,CN,4132050.0,121,491556.0
471,512,LI Tang,CN,4129066.0,27,695520.0
472,513,LI Xiang,CN,4122490.0,70,252902.0
473,514,Joana VASCONCELOS,FR,4117612.0,105,791272.0
474,515,QIU Deshu,CN,4114478.0,97,356751.0
475,516,CHEN Wuji,CN,4106853.0,96,751180.0
476,517,XIONG Yu,CN,4083702.0,132,138897.0
477,519,Mark FLOOD,US,4048992.0,106,209000.0
478,520,Enoc PEREZ,PR,4014759.0,79,374500.0
479,521,LI Tianbing,CN,3963947.0,56,369303.0
480,522,Clyde ASPEVIG,US,3955972.0,212,109250.0
481,523,Tom OTTERNESS,US,3943956.0,119,1512500.0
482,524,YE Alin,CN,3933038.0,30,2160730.0
483,525,SHI Xinning,CN,3925293.0,53,377724.0
484,526,Richard PHILLIPS,US,3914753.0,78,384000.0
485,527,Jonathan LASKER,US,3894330.0,148,145000.0
486,528,Luciano CASTELLI,CH,3881999.0,490,99226.0
487,529,XIAO Han,CN,3841207.0,39,734160.0
488,530,LIU Ergang,CN,3839139.0,434,66586.0
489,531,Carol BOVE,CH,3811367.0,40,329000.0
490,532,Theaster GATES,US,3793271.0,42,807000.0
491,533,LIU Dahong,CN,3747818.0,34,358064.0
492,534,YAN Lei,CN,3742750.0,79,185449.0
493,535,Sue WILLIAMS,US,3721826.0,127,137500.0
494,536,Shara HUGHES,US,3717691.0,55,337500.0
495,537,José María SICILIA,ES,3716970.0,285,156000.0
496,538,Mickalene THOMAS,US,3701474.0,60,699217.0
497,539,John SHINNORS,IE,3701282.0,237,133546.0
498,541,Richard MISRACH,US,3688278.0,313,125000.0
499,542,LIU Qinghe,CN,3686317.0,121,197299.0
500,543,ZENG Hao,CN,3681082.0,77,340469.0
501,544,Terry WINTERS,US,3675903.0,280,240000.0
502,545,LIN Xiao,CN,3672923.0,6,3394050.0
503,546,Jules DE BALINCOURT,FR,3657776.0,45,417843.0
504,547,Jiri Georg DOKOUPIL,CZ,3655801.0,326,312000.0
505,548,MA Xinle,CN,3649173.0,36,1217678.0
506,549,MENG Xiangshun,CN,3645244.0,38,559590.0
507,550,Izumi KATO,JP,3627904.0,133,191389.0
508,551,Andres BARRIOQUINTO,PH,3617526.0,78,344513.0
509,552,KAO Yu,CN,3616509.0,86,155075.0
510,553,Callum INNES,UK,3601808.0,148,88028.0
511,554,Juan USLÉ,ES,3551814.0,179,271956.0
512,555,TAN Ping,CN,3545247.0,32,548924.0
513,556,ZHOU Hehe,CN,3523124.0,16,712732.0
514,557,QIN Feng,CN,3495938.0,34,366520.0
515,559,MA Liuming,CN,3492006.0,133,116100.0
516,560,GU Dexin,CN,3491644.0,80,249698.0
517,561,Ged QUINN,GB,3478418.0,30,310823.0
518,562,WU Chengwei,CN,3463835.0,12,730607.0
519,563,William MORRIS,GB,3461256.0,160,290500.0
520,564,CUI Jingzhe,CN,3459331.0,98,454480.0
521,566,GONG Lilong,CN,3445771.0,59,224802.0
522,567,Jim LAMBIE,UK,3443597.0,111,232158.0
523,569,Lian Ben LAO,PH,3424370.0,121,151081.0
524,570,Tim EITEL,DE,3412206.0,70,284800.0
525,571,Rodel TAPAYA-GARCIA,PH,3409796.0,134,380779.0
526,572,ZHANG Yibo,CN,3395584.0,50,393887.0
527,573,SUN Lixin,CN,3388869.0,8,1681875.0
528,574,ZHANG Jian,CN,3382573.0,80,1235520.0
529,575,SONG Yonghong,CN,3358219.0,84,280348.0
530,576,Chinami NAKAJIMA,JP,3357340.0,575,227883.0
531,577,WANG Keju,CN,3355773.0,67,290903.0
532,578,Idris KHAN,GB,3344535.0,66,290073.0
533,579,YUNIZAR,ID,3336529.0,171,116342.0
534,580,Robert POLIDORI,CA,3325658.0,168,74725.0
535,582,YANG Jiechang,CN,3310945.0,74,311211.0
536,583,So Young CHOI,KR,3303609.0,43,265740.0
537,584,WANG Yigang,CN,3302065.0,60,213210.0
538,585,Del Kathryn BARTON,AU,3288842.0,74,284105.0
539,586,YUAN Zhengyang,CN,3279366.0,44,273068.0
540,588,Gavin TURK,GB,3264369.0,130,164660.0
541,589,Jim SHAW,US,3254939.0,147,656000.0
542,590,Sylvie FLEURY,CH,3247092.0,189,162500.0
543,591,XU Weixin,CN,3233931.0,61,455952.0
544,592,Jonas BURGERT,DE,3208636.0,29,532168.0
545,593,SEEN,US,3194988.0,320,151524.0
546,595,Nicole EISENMAN,FR,3180962.0,79,791041.0
547,596,WANG Huaxiang,CN,3176351.0,41,1387951.0
548,597,Desirée DOLRON,NL,3173680.0,87,194500.0
549,598,Mike BIDLO,US,3169188.0,89,420000.0
550,599,WANG Huangsheng,CN,3151243.0,146,340101.0
551,600,SZETO Lap,CN,3143056.0,49,521962.0
552,601,Edward BURTYNSKY,CA,3142275.0,234,100000.0
553,602,XU Zhen,CN,3129832.0,43,502698.0
554,604,Nabil NAHAS,LB,3121664.0,44,245000.0
555,605,Afshin PIRHASHEMI,IR,3110576.0,42,554500.0
556,606,WEI Ershen,CN,3079831.0,68,142807.0
557,607,Charles ARNOLDI,US,3070514.0,291,98500.0
558,608,Jose John SANTOS III,PH,3065900.0,35,300036.0
559,609,Cressida CAMPBELL,AU,3059850.0,144,197733.0
560,610,WEI Rong,CN,3054812.0,36,492912.0
561,611,LI Tianyuan,CN,3047956.0,28,1061928.0
562,612,Annie LEIBOVITZ,US,3046455.0,361,93750.0
563,613,Richard TEXIER,FR,3046153.0,291,733464.0
564,614,ZHANG Linhai,CN,3031142.0,36,337392.0
565,615,MO Ke,BM,3029525.0,21,281693.0
566,616,Doug AITKEN,US,3010287.0,86,326500.0
567,617,ZHANG Yan,CN,3007503.0,1,3007503.0
568,618,QIN Qi,CN,3006246.0,45,466104.0
569,619,Mary CORSE,US,2997810.0,43,435000.0
570,620,STIK,GB,2995037.0,151,249569.0
571,621,NIE Ou,CN,2988809.0,325,91512.0
572,622,Haluk AKAKCE,TR,2987743.0,141,95419.0
573,623,WANG Shaolun,CN,2983395.0,17,915040.0
574,624,Sergio HERNANDEZ,MX,2978586.0,253,102912.0
575,625,Hervé DI ROSA,FR,2978335.0,796,67615.0
576,626,Jacques TARDI,FR,2975742.0,360,140053.0
577,627,LI Zijian,CN,2975579.0,25,345312.0
578,628,PENG Changan,CN,2970493.0,13,342009.0
579,629,KE Liang,CN,2969384.0,16,748200.0
580,630,Bien-U BAE,KR,2968476.0,72,153702.0
581,631,SUN Xiaoyun,CN,2965621.0,260,83835.0
582,632,Hwan-Kwon YI,KR,2962386.0,54,127458.0
583,633,Lita CABELLUT,ES,2953116.0,68,170981.0
584,634,Jiménez DEREDIA,CR,2944792.0,41,675000.0
585,635,Hisashi TENMYOUYA,JP,2941000.0,57,616322.0
586,636,FUTURA 2000,US,2940893.0,213,82019.0
587,637,Milo MANARA,IT,2939662.0,479,57985.0
588,638,GUO Zhengying,CN,2938010.0,24,2250731.0
589,639,JIN Jiazhen,CN,2917630.0,13,704881.0
590,640,Omar GALLIANI,IT,2915623.0,604,40217.0
591,641,TANG Yao,CN,2901783.0,9,2606924.0
592,642,CHEN Fei,CN,2899857.0,26,886392.0
593,643,SU Baijun,CN,2884476.0,92,437674.0
594,644,GONG Wenzhen,CN,2883562.0,176,105319.0
595,645,GAO Xiaohua,CN,2878629.0,37,1103011.0
596,646,Tschabalala SELF,US,2871786.0,12,487417.0
597,647,Ruud VAN EMPEL,NL,2867534.0,120,124976.0
598,648,Sergej JENSEN,DK,2860311.0,56,262500.0
599,649,XIE Dongming,CN,2853705.0,43,219915.0
600,650,Juliao SARMENTO,PT,2848169.0,158,108000.0
601,651,Anton HENNING,DE,2843446.0,147,103000.0
602,652,Bosco SODI,MX,2827166.0,75,175000.0
603,654,CHEN Wenbo,CN,2800873.0,98,112640.0
604,655,Ahmet ORAN,TR,2798246.0,170,100354.0
605,656,David BROMLEY,GB,2797465.0,888,55879.0
606,657,Donald TESKEY,IE,2793964.0,171,87720.0
607,658,Aaron YOUNG,US,2782764.0,85,191975.0
608,659,Ivan NAVARRO,CL,2776273.0,63,161000.0
609,660,WU Yueshi,CN,2769979.0,67,337203.0
610,662,Rolf HANSON,SE,2757745.0,125,231672.0
611,663,Lars LERIN,SE,2754985.0,220,61234.0
612,664,Stanley WHITNEY,US,2748700.0,22,367441.0
613,665,Leon TARASEWICZ,PL,2742412.0,141,92894.0
614,666,Shane COTTON,NZ,2734797.0,213,213032.0
615,667,FAN Bo,CN,2734606.0,35,359214.0
616,668,Stephen SHORE,US,2734321.0,400,56400.0
617,669,Piero PIZZI CANNELLA,IT,2724932.0,356,56067.0
618,670,FONCKY-TWO,FR,2718753.0,22,931601.0
619,671,Selma GÜRBÜZ,TR,2706713.0,90,79787.0
620,672,YU Shui,CN,2697480.0,236,96996.0
621,673,Annie CABIGTING,PH,2693273.0,37,176083.0
622,674,Tracey MOFFATT,AU,2679069.0,222,164339.0
623,675,QU Guangci,CN,2677365.0,88,132548.0
624,676,Tony OURSLER,US,2662690.0,121,173000.0
625,677,Marco LODOLA,IT,2656070.0,1821,117297.0
626,678,WANG Xiaobo,CN,2653568.0,12,510370.0
627,679,JIANG Shanqing,CN,2647254.0,31,273996.0
628,680,LIU Yong,TW,2646771.0,50,215970.0
629,681,Marina ABRAMOVIĆ,YU,2638226.0,122,365000.0
630,682,GUAN Jun,CN,2637732.0,159,188370.0
631,683,Jumaldi ALFI,ID,2628580.0,188,64350.0
632,684,Abdulnasser GHAREM,SA,2627550.0,24,842500.0
633,685,WANG Guanjun,CN,2626231.0,26,746120.0
634,686,Xenia HAUSNER,AT,2619781.0,117,127180.0
635,687,HUANG Ming-Chang,CN,2603027.0,41,167194.0
636,688,SHEN Xiaotong,CN,2593877.0,76,563040.0
637,690,Mark FRANCIS,UK,2573185.0,209,86046.0
638,691,ZHANG Jian,CN,2571599.0,59,298264.0
639,692,Helmut MIDDENDORF,DE,2567888.0,341,79531.0
640,693,Constantin RAZOUMOV,RU,2563941.0,501,36430.0
641,694,HAO Bangyi,CN,2554071.0,13,2191440.0
642,695,Bedri BAYKAM,TR,2548354.0,137,107061.0
643,696,Tomoya TSUKAMOTO,JP,2546887.0,28,286380.0
644,697,Geraldine JAVIER,PH,2545453.0,61,187463.0
645,698,YANG Chunhua,CN,2544392.0,281,38374.0
646,699,Tony BEVAN,GB,2543422.0,95,146820.0
647,700,Barry MCGEE,US,2543113.0,134,122232.0
648,701,Suk Won SA,KR,2538289.0,142,89124.0
649,702,Dan REES,GB,2537487.0,65,233000.0
650,703,Taeho KIM,KR,2527664.0,66,134749.0
651,704,MENG Luding,CN,2525189.0,22,782496.0
652,705,Inka ESSENHIGH,US,2522945.0,73,194500.0
653,706,Jockum NORDSTRÖM,SE,2512975.0,132,423805.0
654,707,David SCHNELL,DE,2507418.0,70,216000.0
655,708,WANG Chuanfeng,CN,2505422.0,9,825792.0
656,709,Christian ROSA,BR,2503762.0,55,209000.0
657,710,Giovanni FRANGI,IT,2501149.0,413,45179.0
658,711,Sam TAYLOR-WOOD,GB,2499997.0,138,142400.0
659,712,Avery SINGER,US,2498763.0,11,735000.0
660,713,Makoto AIDA,JP,2498627.0,91,688114.0
661,715,DENG Jianjin,CN,2490687.0,62,302496.0
662,717,MR BRAINWASH,FR,2484024.0,376,122500.0
663,718,Wal-Chong LEE,KR,2476494.0,128,177342.0
664,719,Gérard GAROUSTE,FR,2468503.0,187,123281.0
665,720,SONG Yanjun,CN,2465702.0,33,396757.0
666,721,Banks VIOLETTE,US,2465126.0,34,409556.0
667,722,Frederik VÆRSLEV,NO,2446361.0,53,317000.0
668,723,WANG Gensheng,CN,2445332.0,30,1600202.0
669,724,Lari PITTMAN,US,2438113.0,49,225000.0
670,725,TANG Zheming,CN,2431738.0,46,175168.0
671,726,XU Li,CN,2426903.0,25,425162.0
672,728,ZHANG Yudong,CN,2423395.0,1,2423395.0
673,729,YAO Mingjing,CN,2421124.0,116,205183.0
674,731,Jean-Charles BLAIS,FR,2419801.0,474,45928.0
675,732,ZHANG Dali,CN,2417462.0,113,143555.0
676,733,Peter CURLING,IE,2417381.0,213,123156.0
677,734,Liza LOU,US,2415074.0,38,458722.0
678,735,Guillermo MUÑOZ VERA,CL,2413305.0,110,102000.0
679,736,Stephen Scott YOUNG,US,2410297.0,86,348000.0
680,737,Taner CEYLAN,DE,2402359.0,18,374044.0
681,738,YIN Xiong,CN,2392100.0,70,337617.0
682,739,LI Qing,CN,2390725.0,47,132673.0
683,740,Ashley BICKERTON,BB,2377659.0,51,221000.0
684,741,LIN Rongsheng,CN,2373941.0,109,177968.0
685,744,Masaru SHICHINOHE,JP,2351215.0,59,131726.0
686,745,SPEEDY GRAPHITO,FR,2348942.0,309,67789.0
687,746,QIN Ai,CN,2348060.0,38,136786.0
688,747,Bill HENSON,AU,2347455.0,268,46190.0
689,748,ZHOU Changjiang,CN,2345722.0,58,196090.0
690,749,WU Jing,CN,2341423.0,22,272250.0
691,750,Laurie SIMMONS,US,2331532.0,203,100000.0
692,751,Rowan GILLESPIE,IE,2330483.0,118,249099.0
693,752,WU Guannan,CN,2320600.0,206,93840.0
694,753,Lalla ESSAYDI,MA,2317546.0,90,81250.0
695,755,Norman Clive CATHERINE,ZA,2314628.0,803,101148.0
696,756,LU Huaizhong,CN,2314479.0,16,507357.0
697,757,Michael COLEMAN,US,2312279.0,262,48000.0
698,758,Aaron GARBER-MAIKOVSKA,US,2305877.0,47,156250.0
699,759,Carrie Mae WEEMS,US,2301688.0,107,237500.0
700,760,Nigel COOKE,GB,2291784.0,59,262000.0
701,762,SONG Kun,CN,2280148.0,54,264227.0
702,763,Anju DODIYA,IN,2278405.0,43,192000.0
703,764,Latifa ECHAKHCH,MA,2274312.0,35,203297.0
704,765,LIANG Yuanwei,CN,2274114.0,17,658026.0
705,766,Su Fan OH,KR,2271452.0,61,126715.0
706,767,CAI Jin,CN,2269280.0,66,188025.0
707,768,François SCHUITEN,BE,2267648.0,193,73322.0
708,769,Sophie CALLE,FR,2257323.0,150,218500.0
709,770,Dexter DALWOOD,GB,2256801.0,42,283766.0
710,771,Cheyney THOMPSON,US,2256136.0,40,317000.0
711,772,Yeong-Geol CHOI,KR,2252590.0,69,276048.0
712,773,WANG Tiande,CN,2241221.0,76,131457.0
713,775,Fabrice HYBER,FR,2237766.0,194,136937.0
714,776,Kyle POLZIN,US,2230988.0,35,287500.0
715,777,CHANG Tianhu,CN,2229344.0,9,507794.0
716,778,Ignacio ITURRIA,UY,2226110.0,230,66000.0
717,779,WANG Xiangming,CN,2226045.0,60,285790.0
718,780,WANG Chuan,CN,2216072.0,57,374440.0
719,781,Gérard RANCINAN,FR,2214632.0,68,434405.0
720,782,ZHU Fapeng,CN,2210969.0,22,535910.0
721,783,GUO Beiping,CN,2210458.0,24,1136652.0
722,784,Russell YOUNG,GB,2209168.0,195,72392.0
723,785,ZHAO Qi,CN,2206559.0,15,1072512.0
724,786,LI Zhengzheng,CN,2203974.0,31,409101.0
725,788,WEI Xiaorong,CN,2202565.0,133,150788.0
726,789,Grisha BRUSKIN,RU,2202086.0,66,424000.0
727,790,LOS CARPINTEROS,CU,2198799.0,85,456500.0
728,791,Azade KÖKER,TR,2196892.0,51,122500.0
729,792,Adel ABDESSEMED,DZ,2196279.0,38,350000.0
730,793,Peter FRIE,SE,2191298.0,215,43772.0
731,794,LUO Quanmu,CN,2189055.0,71,136707.0
732,795,José María CANO,ES,2178464.0,23,414091.0
733,796,Georg HEROLD,DE,2164470.0,129,195334.0
734,797,HANDFORTH Mark,CN,2162273.0,25,205000.0
735,798,ZHANG Junxi,CN,2160539.0,8,712732.0
736,799,Ik-Joong KANG,KR,2159000.0,97,134500.0
737,801,José BEDIA VALDÉS,CU,2150540.0,144,61200.0
738,802,Sean LANDERS,US,2140716.0,43,360000.0
739,803,WANG Jin,CN,2136804.0,63,245568.0
740,804,MIAO Zaixin,CN,2135833.0,102,516095.0
741,805,LIEN Chien-Hsing,TW,2133193.0,79,73901.0
742,806,ZHANG Xinquan,CN,2122842.0,14,453020.0
743,807,CHEN Anjian,CN,2120170.0,57,230081.0
744,808,WANG Shengyong,CN,2119101.0,45,145404.0
745,809,Gusti Agung MANGU PUTRA,ID,2115298.0,149,65448.0
746,810,SHEN Jiawei,CN,2115233.0,12,1166558.0
747,812,HU Jiancheng,CN,2111367.0,27,320902.0
748,814,JIANG Shuo,CN,2105447.0,58,188048.0
749,815,CHE Pengfei,CN,2104482.0,307,52679.0
750,816,HE Jialin,CN,2099115.0,93,134219.0
751,817,Linn FERNSTRÖM,SE,2083754.0,78,271385.0
752,818,YANG Maolin,CN,2082734.0,62,457279.0
753,819,Yannis KOTTIS,GR,2081510.0,117,95626.0
754,820,ZHANG Shaohang,CN,2081284.0,17,862799.0
755,821,HUANG Miaode,CN,2080151.0,14,900293.0
756,822,BLEK LE RAT,FR,2071512.0,259,77507.0
757,823,VELASCO,IT,2069458.0,221,87965.0
758,824,WANG Jianwei,CN,2064754.0,21,466104.0
759,825,Loretta LUX,DE,2061819.0,181,45600.0
760,826,Hiroshi SUGITO,JP,2048436.0,89,216000.0
761,827,ZHAO Nengzhi,CN,2048010.0,76,67000.0
762,828,Hunt SLONEM,US,2038560.0,336,80000.0
763,829,Chris LEVINE,CA,2028650.0,94,234113.0
764,830,LIANG Wenbo,CN,2026352.0,9,708377.0
765,831,TIAN Yuemin,CN,2025523.0,41,186645.0
766,832,QU Zhi,CN,2022080.0,5,476307.0
767,833,Sandy SKOGLUND,US,2017783.0,177,58859.0
768,834,Graham KNUTTEL,IE,2013517.0,793,18824.0
769,835,WU Shanzhuan,CN,2009495.0,43,252609.0
770,836,LIU Rendao,CN,2003625.0,8,577091.0
771,837,CHEN Chengwei,CN,2003525.0,48,227148.0
772,838,Hubert SCHEIBL,AT,2003210.0,159,93364.0
773,839,Michal ROVNER,IL,2000820.0,136,100000.0
774,840,Dale Leonard FRANK,AU,2000108.0,107,66740.0
775,841,Bertrand LAVIER,FR,1996024.0,84,172336.0
776,842,Katharina FRITSCH,DE,1995891.0,134,281705.0
777,843,Ahmet GÜNESTEKIN,TR,1992862.0,62,120117.0
778,844,LIU Zigang,CN,1992697.0,10,476307.0
779,845,Antonio NUNZIANTE,IT,1991823.0,405,68750.0
780,846,LI Jinfa,CN,1988138.0,9,562682.0
781,847,BI Jianxun,CN,1983323.0,14,1010015.0
782,848,LI Aiguo,CN,1979745.0,43,575748.0
783,849,YI Ming,CN,1970217.0,74,355810.0
784,850,Loie HOLLOWELL,US,1970085.0,12,443022.0
785,851,Johannes KAHRS,DE,1964206.0,22,365706.0
786,852,Mariko MORI,JP,1960838.0,66,156500.0
787,853,Vera LUTTER,DE,1954834.0,77,84936.0
788,854,ZENG Laide,CN,1954068.0,42,458352.0
789,855,QIU Guangping,CN,1950207.0,5,675234.0
790,856,Jigger CRUZ,PH,1948753.0,52,148125.0
791,858,CAI Yushui,CN,1942165.0,56,182687.0
792,859,Heimo ZOBERNIG,AT,1939723.0,94,146440.0
793,860,ZHENG Guogu,CN,1935329.0,56,100125.0
794,861,Awang Damit AHMAD,MY,1933181.0,97,89455.0
795,862,Mary WEATHERFORD,US,1932583.0,12,451506.0
796,863,LI Shuang,CN,1930212.0,75,308310.0
797,865,ZHENG Faxiang,CN,1926144.0,10,496547.0
798,866,ZHANG Xiaotao,CN,1923973.0,48,260915.0
799,867,Richard KILLEEN,NZ,1923406.0,302,49876.0
800,868,Lorna SIMPSON,US,1918838.0,98,375000.0
801,870,WANG Du,CN,1917135.0,25,329600.0
802,871,Ekrem YALÇINDAG,TR,1915577.0,117,47871.0
803,872,Chintan UPADHYAY,IN,1912699.0,52,529000.0
804,873,BUBI,TR,1909340.0,146,55850.0
805,874,ZHAO Wei,CN,1905223.0,215,74933.0
806,875,Bruno CECCOBELLI,IT,1904475.0,845,30100.0
807,876,SUN Weimin,CN,1904332.0,43,165260.0
808,878,Stephen CONROY,GB,1903021.0,107,177102.0
809,879,Erwin OLAF,NL,1898885.0,200,43750.0
810,880,YANG Liqi,CN,1897161.0,146,57789.0
811,881,WEI Xiaoming,CN,1891595.0,40,112034.0
812,883,MO Xiaosong,CN,1890267.0,39,330114.0
813,884,Budi KUSTARTO,ID,1887482.0,48,421420.0
814,887,SHI Benming,CN,1882903.0,34,355120.0
815,890,LIU Jianhua,CN,1874205.0,46,168000.0
816,891,LIN Tianmiao,CN,1866091.0,66,124226.0
817,892,LI Siyun,CN,1865639.0,14,540604.0
818,893,Rachid KORAICHI,DZ,1865268.0,34,665000.0
819,894,ZHOU Song,CN,1862065.0,9,373060.0
820,896,Charline VON HEYL,DE,1853498.0,23,300000.0
821,897,HUANG Dan,CN,1852622.0,75,84404.0
822,898,Adam PENDLETON,US,1848079.0,41,262884.0
823,899,Bernd ZIMMER,DE,1833611.0,290,44685.0
824,900,LU Hao,CN,1832748.0,73,225768.0
825,901,Sedaghat JABBARI,IR,1828122.0,20,433000.0
826,902,WANG Mai,CN,1822793.0,12,521962.0
827,903,William COTTON,US,1820963.0,46,572500.0
828,904,Yusof GHANI,MY,1819222.0,160,88247.0
829,905,Catherine OPIE,US,1816888.0,97,293000.0
830,906,Thierry DE CORDIER,BE,1812531.0,38,499985.0
831,907,Steve MCCURRY,US,1812454.0,154,178900.0
832,908,LIN Haizhong,CN,1801686.0,57,323955.0
833,909,SHI Enzhao,CN,1783546.0,25,210428.0
834,910,WANG Minglu,CN,1778467.0,13,413863.0
835,911,Tony SCHERMAN,CA,1767310.0,190,63063.0
836,912,Chantal JOFFE,GB,1764868.0,117,78981.0
837,913,Dipo ANDY,ID,1763947.0,83,85511.0
838,914,François BOISROND,FR,1761119.0,481,36246.0
839,915,LE Zhenwen,CN,1759679.0,109,233738.0
840,916,Justin PONMANY,IN,1758247.0,42,214512.0
841,917,GUO Weiguo,CN,1757439.0,29,561305.0
842,919,Siegfried ANZINGER,AT,1756945.0,501,53218.0
843,920,WANG Yuping,CN,1754772.0,60,113436.0
844,923,Israel LUND,US,1741973.0,41,176944.0
845,924,Samsul ARIFIN,ID,1741537.0,47,136272.0
846,925,Jean-Pierre GIBRAT,FR,1741208.0,135,92529.0
847,926,Nick CAVE,US,1736479.0,25,150000.0
848,928,Bill ANTON,US,1729002.0,117,96800.0
849,929,Kisoo KWON,KR,1726867.0,86,65844.0
850,931,Youssef NABIL,EG,1722706.0,69,91300.0
851,932,LI Yuandong,CN,1719988.0,46,242340.0
852,933,ZHENG Li,CN,1717511.0,59,209815.0
853,934,Bae LEE,KR,1717352.0,63,64449.0
854,935,Martin CREED,GB,1717279.0,63,158500.0
855,936,JIA Difei,CN,1716553.0,47,161683.0
856,937,WANG Guoxin,CN,1714853.0,25,786807.0
857,939,SHEN Qin,CN,1713652.0,89,84974.0
858,940,Hubert SCHMALIX,AT,1709568.0,302,46175.0
859,941,José Manuel BROTO,ES,1706594.0,144,71688.0
860,943,Rokni HAERIZADEH,IR,1704449.0,43,221000.0
861,944,Luke FRAZIER,US,1704139.0,139,360060.0
862,945,Bettina RHEIMS,FR,1703271.0,254,55844.0
863,946,HE Hongzhou,CN,1702520.0,27,358996.0
864,948,ZHANG Zhimin,CN,1700024.0,41,300104.0
865,949,Grahame SYDNEY,NZ,1698114.0,198,150494.0
866,950,MAO Yigang,CN,1692296.0,36,127843.0
867,951,XIANG Qinghua,CN,1691309.0,94,62146.0
868,952,Marcel DZAMA,CA,1689363.0,318,43773.0
869,953,Elvira BACH,DE,1689206.0,621,44256.0
870,954,Korehiko HINO,JP,1681322.0,34,232445.0
871,955,ZHENG Zaidong,CN,1681198.0,85,146480.0
872,956,YIN Jun,CN,1680195.0,91,67562.0
873,957,Gunnel WAHLSTRAND,SE,1679645.0,13,684574.0
874,958,Arturo HERRERA,VE,1671749.0,56,389000.0
875,959,Jai-Hyoung HWANG,KR,1668195.0,45,126984.0
876,960,Jane LEE,SG,1666808.0,21,159289.0
877,961,Ned VENA,US,1665937.0,54,125000.0
878,963,BAI Yunxiang,CN,1661208.0,46,249215.0
879,964,ZHU Chunlin,CN,1660686.0,46,128076.0
880,965,Katsura FUNAKOSHI,JP,1659251.0,173,318021.0
881,966,Korakrit ARUNANONDCHAI,TH,1646449.0,27,148571.0
882,967,Matthew RITCHIE,GB,1645961.0,35,289000.0
883,968,Friedrich KUNATH,DE,1644987.0,92,118750.0
884,969,David ALTMEJD,CA,1643552.0,19,338280.0
885,970,Andy THOMAS,US,1643187.0,50,126500.0
886,971,Ahmad Zakii ANWAR,MY,1642603.0,118,71694.0
887,972,Jung Woong LEE,KR,1640072.0,52,80500.0
888,973,HUNG Yi,CN,1638777.0,65,80489.0
889,974,LIU Xuejian,CN,1638770.0,111,58634.0
890,975,Abdoulaye DIARRASSOUBA,CI,1636433.0,88,78650.0
891,976,WU Yi,CN,1634499.0,95,191268.0
892,977,Dario VIEJO,CU,1634421.0,30,692664.0
893,978,WEI Dong,CN,1633414.0,60,150375.0
894,979,DANG Zhen,CN,1631677.0,100,167877.0
895,980,TONG Hongsheng,CN,1626948.0,1,1626948.0
896,981,HAN Binsheng,CN,1626113.0,17,718985.0
897,982,Naci Balkan ISLIMYELI,TR,1618154.0,98,62506.0
898,983,Chiho AOSHIMA,JP,1617296.0,203,127622.0
899,984,LU Zhongping,CN,1610298.0,3,879336.0
900,985,Morgan WEISTLING,US,1608202.0,50,111150.0
901,986,CHANG Jin,CN,1606810.0,215,41290.0
902,987,HUANG Yan,CN,1605096.0,149,139638.0
903,988,Erica HESTU WAHYUNI,ID,1604427.0,471,32200.0
904,989,LI Bomo,CN,1602537.0,1,1602537.0
905,990,Mounir FATMI,MA,1601140.0,32,233000.0
906,991,GAO Yun,CN,1598917.0,80,133207.0
907,992,Christopher WILLIAMS,US,1595540.0,70,76375.0
908,993,Abdul Kadir AL-RAES,AE,1594308.0,11,385000.0
909,994,Ralph FLECK,DE,1593371.0,239,63756.0
910,995,ZHU Daoping,CN,1592868.0,202,77090.0
911,996,Ryan SULLIVAN,US,1591583.0,28,185000.0
912,997,Valery KOSHLYAKOV,RU,1588998.0,38,171917.0
913,998,HE Shaojiao,CN,1588081.0,2,1099170.0
914,999,TAN Jun,CN,1587741.0,69,113229.0
